adi sucipto,adi sucipto
jalan ahmad yani,ahmad yani
jalan am sangaji,am sangaji
jalan am sangaji,am sangaji
jalan am sangaji,am sangaji
jalan am sangaji,am sangaji
jalan am sangaji,am sangaji
jalan am sangaji,am sangaji
jalan am sangaji,am sangaji
jalan am sangaji,am sangaji
jalan am sangaji,am sangaji
jalan am sangaji,am sangaji
jalan am sangaji,am sangaji
jalan am sangaji,am sangaji
jalan am sangaji,am sangaji
jalan babarsari,babarsari
simpang babarsari,babarsari
simpang babarsari,babarsari
badran,badran
badran,badran
badran,badran
simpang badran,badran
simpang badran,badran
simpang badran,badran
simpang badran,badran
simpang badran,badran
simpang badran,badran
simpang badran,badran
simpang badran,badran
bandara,bandara
bandara,bandara
bandara,bandara
bandara,bandara
bandara,bandara
simpang bandara,bandara
simpang bandara,bandara
simpang bandara,bandara
simpang bandara,bandara
simpang bandara,bandara
simpang bandara,bandara
simpang bandara,bandara
simpang bandara,bandara
simpang bandara,bandara
simpang bandara,bandara
simpang bandara,bandara
simpang bandara,bandara
simpang bandara,bandara
simpang bandara,bandara
simpang bandara,bandara
simpang bandara,bandara
simpang bandara,bandara
simpang bandara,bandara
simpang bandara,bandara
simpang bandara,bandara
simpang bandara,bandara
simpang bandara,bandara
simpang bandara,bandara
simpang bandara,bandara
simpang bandara,bandara
simpang bandara,bandara
simpang bandara,bandara
simpang bandara,bandara
simpang bandara,bandara
simpang bandara,bandara
simpang bandara,bandara
simpang bandara,bandara
simpang bandara,bandara
simpang bandara,bandara
simpang bandara,bandara
simpang bandara,bandara
simpang bandara,bandara
simpang bandara,bandara
simpang bandara,bandara
simpang bandara,bandara
simpang bandara,bandara
simpang bandara,bandara
simpang bandara,bandara
simpang bandara,bandara
simpang bandara,bandara
simpang bandara,bandara
simpang bandara,bandara
simpang bandara,bandara
simpang bandara,bandara
simpang bandara,bandara
simpang bandara,bandara
simpang bandara,bandara
simpang bandara,bandara
simpang bandara,bandara
simpang bandara,bandara
simpang bandara,bandara
simpang bandara,bandara
simpang bandara,bandara
simpang bandara,bandara
simpang bandara,bandara
simpang bandara,bandara
simpang bandara,bandara
simpang bandara,bandara
simpang bandara,bandara
simpang bandara,bandara
simpang bandara,bandara
simpang bandara,bandara
simpang bandara,bandara
simpang bandara,bandara
simpang bandara,bandara
simpang bandara,bandara
simpang bandara,bandara
simpang bandara,bandara
simpang bandara,bandara
simpang bandara,bandara
simpang bandara,bandara
simpang bandara,bandara
simpang bandara,bandara
simpang bandara,bandara
simpang bandara,bandara
simpang bandara,bandara
simpang bandara,bandara
simpang bandara,bandara
simpang bandara,bandara
pertigaan bandara,bandara
bandara adi sucipto,bandara adi sucipto
bantul,bantul
bantul,bantul
bantul,bantul
bantul,bantul
bantul,bantul
bantul m,bantul m
blok o,blok o
simpang blok o,blok o
simpang blok o,blok o
simpang blok o,blok o
simpang blok o,blok o
simpang blok o,blok o
simpang blok o,blok o
simpang blok o,blok o
simpang blok o,blok o
simpang blok o,blok o
simpang blok o,blok o
simpang blok o,blok o
simpang borobudur plaza,borobudur plaza
simpang borobudur plaza,borobudur plaza
simpang borobudur plaza,borobudur plaza
simpang borobudur plaza,borobudur plaza
simpang borobudur plaza,borobudur plaza
simpang borobudur plaza,borobudur plaza
simpang borobudur plaza,borobudur plaza
simpang borobudur plaza,borobudur plaza
simpang borobudur plaza,borobudur plaza
simpang borobudur plaza,borobudur plaza
simpang borobudur plaza,borobudur plaza
simpang borobudur plaza,borobudur plaza
simpang borobudur plaza,borobudur plaza
simpang borobudur plaza,borobudur plaza
simpang borobudur plaza,borobudur plaza
simpang borobudur plaza,borobudur plaza
simpang borobudur plaza,borobudur plaza
simpang borobudur plaza,borobudur plaza
simpang borobudur plaza,borobudur plaza
simpang borobudur plaza,borobudur plaza
simpang borobudur plaza,borobudur plaza
simpang borobudur plaza,borobudur plaza
simpang borobudur plaza,borobudur plaza
simpang borobudur plaza,borobudur plaza
simpang borobudur plaza,borobudur plaza
simpang borobudur plaza,borobudur plaza
simpang borobudur plaza,borobudur plaza
simpang borobudur plaza,borobudur plaza
simpang borobudur plaza,borobudur plaza
seputaran jalan bugisan,bugisan
seputaran jalan bugisan,bugisan
seputaran jalan bugisan,bugisan
seputaran jalan bugisan,bugisan
seputaran jalan bugisan,bugisan
seputaran jalan bugisan,bugisan
seputaran jalan bugisan,bugisan
seputaran jalan bugisan,bugisan
simpang bunderan ugm,bunderan ugm
simpang bunderan ugm,bunderan ugm
simpang bunderan ugm,bunderan ugm
code,code
code,code
code,code
code,code
code,code
simpang condong catur,condong catur
simpang condong catur,condong catur
simpang condong catur,condong catur
simpang condongcatur,condongcatur
simpang condongcatur,condongcatur
simpang condongcatur,condongcatur
simpang condongcatur,condongcatur
simpang condongcatur,condongcatur
simpang condongcatur,condongcatur
simpang condongcatur,condongcatur
simpang condongcatur,condongcatur
simpang condongcatur,condongcatur
simpang condongcatur,condongcatur
simpang condongcatur,condongcatur
simpang condongcatur,condongcatur
simpang condongcatur,condongcatur
simpang condongcatur,condongcatur
simpang condongcatur,condongcatur
simpang condongcatur,condongcatur
simpang condongcatur,condongcatur
simpang condongcatur,condongcatur
simpang condongcatur,condongcatur
simpang condongcatur,condongcatur
jalan damai,damai
jalan damai,damai
jalan damai,damai
jalan damai,damai
seputaran simpang damai timur,damai timur
seputaran simpang damai timur,damai timur
simpang demak ijo,demak ijo
simpang demak ijo,demak ijo
simpang demak ijo,demak ijo
simpang demak ijo,demak ijo
simpang demak ijo,demak ijo
simpang demak ijo,demak ijo
simpang demak ijo,demak ijo
simpang demak ijo,demak ijo
simpang demak ijo,demak ijo
simpang demak ijo,demak ijo
simpang demak ijo,demak ijo
simpang demak ijo,demak ijo
simpang demak ijo,demak ijo
simpang demak ijo,demak ijo
simpang demak ijo,demak ijo
simpang demak ijo,demak ijo
simpang demak ijo,demak ijo
simpang demak ijo,demak ijo
simpang demak ijo,demak ijo
simpang demak ijo,demak ijo
simpang demak ijo,demak ijo
simpang demak ijo,demak ijo
simpang demak ijo,demak ijo
simpang demak ijo,demak ijo
simpang demak ijo,demak ijo
simpang demak ijo,demak ijo
simpang demak ijo,demak ijo
simpang demak ijo,demak ijo
simpang demak ijo,demak ijo
simpang demak ijo,demak ijo
simpang demak ijo,demak ijo
simpang demak ijo,demak ijo
simpang demak ijo,demak ijo
simpang demak ijo,demak ijo
simpang demak ijo,demak ijo
simpang demak ijo,demak ijo
simpang demak ijo,demak ijo
simpang demak ijo,demak ijo
simpang demak ijo,demak ijo
simpang demak ijo,demak ijo
simpang demak ijo,demak ijo
simpang demak ijo,demak ijo
simpang demak ijo,demak ijo
simpang demak ijo,demak ijo
simpang demak ijo,demak ijo
simpang demak ijo,demak ijo
simpang demak ijo,demak ijo
simpang demak ijo,demak ijo
simpang demak ijo,demak ijo
simpang demak ijo,demak ijo
simpang demak ijo,demak ijo
simpang demak ijo,demak ijo
simpang demak ijo,demak ijo
simpang demak ijo,demak ijo
simpang demak ijo,demak ijo
demangan,demangan
demangan,demangan
demangan,demangan
simpang demangan,demangan
simpang demangan,demangan
simpang demangan,demangan
simpang demangan,demangan
simpang demangan,demangan
simpang demangan,demangan
simpang demangan,demangan
simpang demangan,demangan
simpang demangan,demangan
simpang demangan,demangan
simpang demangan,demangan
simpang demangan,demangan
simpang demangan,demangan
simpang demangan,demangan
simpang demangan,demangan
simpang demangan,demangan
simpang demangan,demangan
simpang demangan,demangan
simpang demangan,demangan
simpang demangan,demangan
simpang demangan,demangan
simpang demangan,demangan
simpang demangan,demangan
simpang demangan,demangan
simpang demangan,demangan
simpang demangan,demangan
simpang demangan,demangan
simpang demangan,demangan
simpang demangan,demangan
simpang demangan,demangan
simpang demangan,demangan
simpang demangan,demangan
simpang demangan,demangan
simpang demangan,demangan
simpang demangan,demangan
simpang demangan,demangan
simpang demangan,demangan
simpang demangan,demangan
simpang dongkelan,dongkelan
simpang dongkelan,dongkelan
simpang dongkelan,dongkelan
simpang dongkelan,dongkelan
simpang druwo,druwo
simpang druwo,druwo
simpang druwo,druwo
simpang druwo,druwo
simpang druwo,druwo
simpang druwo,druwo
simpang druwo,druwo
simpang druwo,druwo
simpang druwo,druwo
gambir,gambir
gamelan,gamelan
seputaran simpang gamping,gamping
seputaran simpang gamping,gamping
simpang gamping,gamping
simpang gamping,gamping
simpang gamping,gamping
simpang gamping,gamping
simpang gamping,gamping
simpang gamping,gamping
simpang gamping,gamping
simpang gamping,gamping
simpang gamping,gamping
simpang gamping,gamping
simpang gamping,gamping
simpang gamping,gamping
simpang gamping,gamping
simpang gamping,gamping
simpang gamping,gamping
simpang gamping,gamping
simpang gamping,gamping
simpang gamping,gamping
simpang gamping,gamping
simpang gamping,gamping
simpang gamping,gamping
simpang gamping,gamping
simpang gamping,gamping
simpang gamping,gamping
simpang gamping,gamping
simpang gamping,gamping
simpang gamping,gamping
simpang gamping,gamping
simpang gamping,gamping
simpang gamping,gamping
simpang gamping,gamping
simpang gamping,gamping
simpang gamping,gamping
simpang gamping,gamping
simpang gamping,gamping
gedongkuning,gedongkuning
gedongkuning,gedongkuning
gedongkuning,gedongkuning
gedongkuning,gedongkuning
gedongkuning,gedongkuning
gedongkuning,gedongkuning
jalan gedongkuning,gedongkuning
jalan gedongkuning,gedongkuning
jalan gedongkuning,gedongkuning
gejayan,gejayan
gejayan,gejayan
gejayan,gejayan
simpang giwangan,giwangan
simpang giwangan,giwangan
simpang giwangan,giwangan
simpang giwangan,giwangan
simpang giwangan,giwangan
simpang giwangan,giwangan
simpang giwangan,giwangan
simpang giwangan,giwangan
simpang giwangan,giwangan
simpang giwangan,giwangan
simpang giwangan,giwangan
jalan godean,godean
jalan godean,godean
jalan godean,godean
jalan godean,godean
jalan godean,godean
simpang gondomanan,gondomanan
simpang gondomanan,gondomanan
simpang gondomanan,gondomanan
simpang gondomanan,gondomanan
simpang gondomanan,gondomanan
simpang gondomanan,gondomanan
simpang gondomanan,gondomanan
simpang gondomanan,gondomanan
simpang gondomanan,gondomanan
simpang gondomanan,gondomanan
gramedia,gramedia
simpang gramedia,gramedia
simpang gramedia,gramedia
simpang gramedia,gramedia
simpang gramedia,gramedia
simpang gramedia,gramedia
simpang gramedia,gramedia
simpang gramedia,gramedia
simpang gramedia,gramedia
simpang gramedia,gramedia
simpang gramedia,gramedia
simpang gramedia,gramedia
simpang gramedia,gramedia
simpang gramedia,gramedia
simpang gramedia,gramedia
simpang gramedia,gramedia
simpang gramedia,gramedia
simpang gramedia,gramedia
simpang gramedia,gramedia
simpang gramedia,gramedia
simpang gramedia,gramedia
simpang gramedia,gramedia
simpang gramedia,gramedia
simpang gramedia,gramedia
simpang gramedia,gramedia
simpang gramedia,gramedia
simpang gramedia,gramedia
simpang gramedia,gramedia
simpang gramedia,gramedia
simpang gramedia,gramedia
simpang gramedia,gramedia
simpang gramedia,gramedia
simpang gramedia,gramedia
simpang gramedia,gramedia
simpang gramedia,gramedia
simpang gramedia,gramedia
simpang gramedia,gramedia
simpang gramedia,gramedia
simpang gramedia,gramedia
simpang gramedia,gramedia
simpang gramedia,gramedia
simpang gramedia,gramedia
simpang gramedia,gramedia
simpang gramedia,gramedia
simpang gramedia,gramedia
simpang gramedia,gramedia
simpang gramedia,gramedia
simpang gramedia,gramedia
simpang gramedia,gramedia
simpang gramedia,gramedia
simpang gramedia,gramedia
simpang gramedia,gramedia
simpang gramedia,gramedia
simpang gramedia,gramedia
simpang gramedia,gramedia
simpang gramedia,gramedia
simpang gramedia,gramedia
simpang gramedia,gramedia
simpang gramedia,gramedia
simpang gramedia,gramedia
simpang gramedia,gramedia
simpang gramedia,gramedia
simpang gramedia,gramedia
simpang gramedia,gramedia
simpang gramedia,gramedia
simpang gramedia,gramedia
simpang gramedia,gramedia
simpang gramedia,gramedia
simpang gramedia,gramedia
simpang gramedia,gramedia
simpang gramedia,gramedia
simpang gramedia,gramedia
simpang gramedia,gramedia
simpang gramedia,gramedia
simpang gramedia,gramedia
simpang gramedia,gramedia
simpang gramedia,gramedia
simpang gramedia,gramedia
simpang gramedia,gramedia
simpang gramedia,gramedia
gunung kidul,gunung kidul
gunung kidul,gunung kidul
halaman masjid,halaman masjid
jalan janti,janti
jalan janti,janti
jalan janti,janti
jalan janti,janti
jalan janti,janti
jalan janti,janti
jalan janti,janti
jalan janti,janti
jalan janti,janti
sekitar janti,janti
sekitar janti,janti
sekitar janti,janti
sekitar janti,janti
sekitar janti,janti
sekitar janti,janti
simpang janti,janti
simpang janti,janti
simpang janti,janti
simpang janti,janti
simpang janti,janti
simpang janti,janti
simpang janti,janti
simpang janti,janti
simpang janti,janti
simpang janti,janti
simpang janti,janti
simpang janti,janti
simpang jati kencana,jati kencana
simpang jati kencana,jati kencana
simpang jati kencana,jati kencana
simpang jati kencana,jati kencana
simpang jati kencana,jati kencana
simpang jati kencana,jati kencana
simpang jati kencana,jati kencana
simpang jati kencana,jati kencana
simpang jati kencana,jati kencana
simpang jati kencana,jati kencana
simpang jati kencana,jati kencana
simpang jati kencana,jati kencana
simpang jati kencana,jati kencana
simpang jati kencana,jati kencana
simpang jati kencana,jati kencana
simpang jati kencana,jati kencana
simpang jati kencana,jati kencana
simpang jati kencana,jati kencana
simpang jati kencana,jati kencana
simpang jati kencana,jati kencana
simpang jati kencana,jati kencana
simpang jati kencana,jati kencana
simpang jati kencana,jati kencana
simpang jati kencana,jati kencana
simpang jati kencana,jati kencana
simpang jati kencana,jati kencana
simpang jati kencana,jati kencana
simpang jati kencana,jati kencana
simpang jati kencana,jati kencana
simpang jati kencana,jati kencana
simpang jati kencana,jati kencana
simpang jatikencana,jatikencana
simpang jatikencana,jatikencana
simpang jatikencana,jatikencana
simpang jatikencana,jatikencana
simpang jujur,jujur
simpang jujur,jujur
simpang jujur,jujur
simpang jujur,jujur
simpang jujur,jujur
simpang jujur,jujur
simpang jujur,jujur
simpang jujur,jujur
simpang jujur,jujur
jalan kaliurang,kaliurang
jalan kaliurang,kaliurang
jalan kaliurang,kaliurang
seputaran simpang kasihan,kasihan
seputaran simpang kasihan,kasihan
seputaran simpang kasihan,kasihan
seputaran simpang kasihan,kasihan
seputaran simpang kasihan,kasihan
kauman,kauman
jalan kemakmuran,kemakmuran
kentungan,kentungan
kentungan,kentungan
seputaran kentungan,kentungan
simpang kentungan,kentungan
simpang kentungan,kentungan
simpang kentungan,kentungan
simpang kentungan,kentungan
simpang kentungan,kentungan
simpang kentungan,kentungan
simpang kentungan,kentungan
simpang kentungan,kentungan
simpang kentungan,kentungan
simpang kentungan,kentungan
simpang kentungan,kentungan
simpang kentungan,kentungan
simpang kentungan,kentungan
simpang kentungan,kentungan
simpang kentungan,kentungan
simpang kentungan,kentungan
simpang kentungan,kentungan
simpang kentungan,kentungan
simpang kentungan,kentungan
simpang kentungan,kentungan
simpang kentungan,kentungan
simpang kentungan,kentungan
simpang kentungan,kentungan
simpang kentungan,kentungan
simpang kentungan,kentungan
simpang kentungan,kentungan
simpang kentungan,kentungan
simpang kentungan,kentungan
simpang kentungan,kentungan
simpang kentungan,kentungan
simpang kentungan,kentungan
simpang kentungan,kentungan
simpang kentungan,kentungan
simpang kentungan,kentungan
seputaran simpang ketandan,ketandan
seputaran simpang ketandan,ketandan
seputaran simpang ketandan,ketandan
simpang ketandan,ketandan
simpang ketandan,ketandan
simpang ketandan,ketandan
simpang ketandan,ketandan
simpang ketandan,ketandan
simpang ketandan,ketandan
simpang ketandan,ketandan
simpang ketandan,ketandan
simpang ketandan,ketandan
simpang ketandan,ketandan
simpang ketandan,ketandan
simpang ketandan,ketandan
simpang ketandan,ketandan
simpang ketandan,ketandan
simpang ketandan,ketandan
simpang ketandan,ketandan
simpang ketandan,ketandan
simpang ketandan,ketandan
simpang ketandan,ketandan
simpang ketandan,ketandan
simpang ketandan,ketandan
simpang ketandan,ketandan
simpang ketandan,ketandan
simpang ketandan,ketandan
simpang ketandan,ketandan
jalan kh ahmad dahlan,kh ahmad dahlan
jalan kh ahmad dahlan,kh ahmad dahlan
jalan kh ahmad dahlan,kh ahmad dahlan
kids fun,kids fun
sekitaran simpang kids fun,kids fun
simpang kids fun,kids fun
simpang kids fun,kids fun
simpang kids fun,kids fun
simpang kids fun,kids fun
simpang kids fun,kids fun
simpang kids fun,kids fun
simpang kids fun,kids fun
simpang kids fun,kids fun
kleringan,kleringan
kleringan,kleringan
kleringan,kleringan
kleringan,kleringan
kleringan,kleringan
kleringan,kleringan
kleringan,kleringan
kleringan,kleringan
kleringan,kleringan
sekitar kleringan,kleringan
sekitar kleringan,kleringan
sekitar kleringan,kleringan
seputaran kleringan,kleringan
seputaran kleringan,kleringan
seputaran kleringan,kleringan
seputaran kleringan,kleringan
simpang kleringan,kleringan
simpang kleringan,kleringan
simpang kleringan,kleringan
simpang kleringan,kleringan
simpang kleringan,kleringan
simpang kleringan,kleringan
simpang kleringan,kleringan
simpang kleringan,kleringan
simpang kleringan,kleringan
simpang kleringan,kleringan
simpang kleringan,kleringan
simpang kleringan,kleringan
simpang kleringan,kleringan
simpang kleringan,kleringan
simpang kleringan,kleringan
simpang kleringan,kleringan
simpang kleringan,kleringan
simpang kleringan,kleringan
simpang kleringan,kleringan
simpang kleringan,kleringan
simpang kleringan,kleringan
simpang kleringan,kleringan
simpang kleringan,kleringan
simpang kleringan,kleringan
simpang kleringan,kleringan
simpang kleringan,kleringan
klitren lor,klitren lor
seputaran simpang km 0,km 0
seputaran simpang km 0,km 0
seputaran simpang km 0,km 0
seputaran simpang km 0,km 0
simpang km 0,km 0
simpang km 0,km 0
simpang km 0,km 0
simpang km 0,km 0
simpang km 0,km 0
simpang km 0,km 0
simpang km 0,km 0
simpang km 0,km 0
simpang km 0,km 0
simpang km 0,km 0
simpang km 0,km 0
simpang km 0,km 0
simpang km 0,km 0
simpang km 0,km 0
simpang km 0,km 0
kotabaru,kotabaru
simpang krongahan,krongahan
simpang krongahan,krongahan
jalan kusumanegara,kusumanegara
kusumanegara,kusumanegara
jalan laksda adisucipto,laksda adisucipto
jalan laksda adisucipto,laksda adisucipto
jalan laksda adisucipto,laksda adisucipto
jalan laksda adisucipto,laksda adisucipto
jalan laksda adisucipto,laksda adisucipto
jalan laksda adisucipto,laksda adisucipto
jalan laksda adisucipto,laksda adisucipto
jalan magelang,magelang
jalan magelang,magelang
jalan magelang,magelang
jalan magelang,magelang
simpang maguwo,maguwo
simpang maguwo,maguwo
simpang maguwo,maguwo
simpang maguwo,maguwo
simpang maguwo,maguwo
simpang maguwo,maguwo
simpang maguwo,maguwo
simpang maguwo,maguwo
simpang maguwo,maguwo
simpang maguwo,maguwo
simpang maguwo,maguwo
simpang maguwo,maguwo
simpang maguwo,maguwo
simpang maguwo,maguwo
simpang maguwo,maguwo
simpang maguwo,maguwo
simpang maguwo,maguwo
simpang maguwo,maguwo
simpang maguwo,maguwo
simpang maguwo,maguwo
simpang maguwo,maguwo
simpang maguwo,maguwo
simpang maguwo,maguwo
simpang maguwo,maguwo
simpang maguwo,maguwo
simpang maguwo,maguwo
simpang maguwo,maguwo
simpang maguwo,maguwo
simpang maguwo,maguwo
simpang maguwo,maguwo
simpang maguwo,maguwo
simpang maguwo,maguwo
simpang maguwo,maguwo
simpang maguwo,maguwo
simpang maguwo,maguwo
simpang maguwo,maguwo
simpang maguwo,maguwo
simpang maguwo,maguwo
simpang maguwo,maguwo
simpang maguwo,maguwo
simpang maguwo,maguwo
simpang maguwo,maguwo
simpang maguwo,maguwo
simpang maguwo,maguwo
simpang maguwo,maguwo
simpang maguwo,maguwo
simpang maguwo,maguwo
simpang maguwo,maguwo
simpang maguwo,maguwo
simpang maguwo,maguwo
maguwoharjo,maguwoharjo
maguwoharjo,maguwoharjo
maguwoharjo,maguwoharjo
maguwoharjo,maguwoharjo
jalan malioboro,malioboro
jalan malioboro,malioboro
jalan malioboro,malioboro
jalan malioboro,malioboro
jalan malioboro,malioboro
jalan malioboro,malioboro
jalan malioboro,malioboro
jalan malioboro,malioboro
jalan malioboro,malioboro
jalan malioboro,malioboro
jalan malioboro,malioboro
jalan malioboro,malioboro
jalan malioboro,malioboro
jalan malioboro,malioboro
jalan malioboro,malioboro
jalan malioboro,malioboro
jalan malioboro,malioboro
jalan malioboro,malioboro
jalan malioboro,malioboro
jalan malioboro,malioboro
jalan malioboro,malioboro
jalan malioboro,malioboro
jalan malioboro,malioboro
jalan malioboro,malioboro
jalan malioboro,malioboro
jalan malioboro,malioboro
jalan malioboro,malioboro
jalan malioboro,malioboro
jalan malioboro,malioboro
jalan malioboro,malioboro
jalan malioboro,malioboro
jalan malioboro,malioboro
jalan malioboro,malioboro
jalan malioboro,malioboro
jalan malioboro,malioboro
jalan malioboro,malioboro
malioboro,malioboro
malioboro,malioboro
malioboro,malioboro
malioboro,malioboro
malioboro,malioboro
malioboro,malioboro
malioboro,malioboro
malioboro,malioboro
malioboro,malioboro
malioboro,malioboro
malioboro,malioboro
malioboro,malioboro
malioboro,malioboro
malioboro,malioboro
malioboro,malioboro
malioboro,malioboro
malioboro,malioboro
malioboro,malioboro
malioboro,malioboro
malioboro,malioboro
malioboro,malioboro
malioboro,malioboro
malioboro,malioboro
ruas jalan malioboro,malioboro
ruas jalan malioboro,malioboro
ruas jalan malioboro,malioboro
ruas jalan malioboro,malioboro
ruas jalan malioboro,malioboro
ruas jalan malioboro,malioboro
ruas jalan malioboro,malioboro
ruas jalan malioboro,malioboro
ruas jalan malioboro,malioboro
ruas jalan malioboro,malioboro
ruas jalan malioboro,malioboro
ruas jalan malioboro,malioboro
ruas jalan malioboro,malioboro
ruas jalan malioboro,malioboro
ruas jalan malioboro,malioboro
ruas jalan malioboro,malioboro
ruas jalan malioboro,malioboro
sekitar malioboro,malioboro
simpang malioboro,malioboro
simpang malioboro,malioboro
simpang malioboro,malioboro
simpang malioboro,malioboro
simpang malioboro,malioboro
malioboro,malioboro
jalan mataram,mataram
simpang melia purosani,melia purosani
simpang melia purosani,melia purosani
simpang melia purosani,melia purosani
simpang mm ugm,mm ugm
simpang mm ugm,mm ugm
simpang mm ugm,mm ugm
simpang mm ugm,mm ugm
simpang mm ugm,mm ugm
simpang mm ugm,mm ugm
simpang mm ugm,mm ugm
simpang mm ugm,mm ugm
simpang mm ugm,mm ugm
simpang mm ugm,mm ugm
simpang mm ugm,mm ugm
simpang mm ugm,mm ugm
simpang mm ugm,mm ugm
simpang mm ugm,mm ugm
simpang mm ugm,mm ugm
simpang mm ugm,mm ugm
simpang mmugm,mmugm
simpang mmugm,mmugm
simpang mmugm,mmugm
simpang mmugm,mmugm
simpang mmugm,mmugm
simpang mmugm,mmugm
simpang mmugm,mmugm
simpang mmugm,mmugm
simpang mmugm,mmugm
jalan monjali,monjali
simpang monjali,monjali
simpang monjali,monjali
simpang monjali,monjali
simpang monjali,monjali
simpang monjali,monjali
simpang monjali,monjali
simpang monjali,monjali
simpang monjali,monjali
simpang monjali,monjali
simpang monjali,monjali
simpang monjali,monjali
simpang monjali,monjali
simpang monjali,monjali
simpang monjali,monjali
simpang monjali,monjali
simpang monjali,monjali
simpang monjali,monjali
simpang monjali,monjali
simpang monjali,monjali
simpang monjali,monjali
simpang monjali,monjali
nol kilometer,nol kilometer
nol kilometer,nol kilometer
panti,panti
pasar,pasar
kawasan jalan pasar kembang,pasar kembang
pasar kembang,pasar kembang
pasar kembang,pasar kembang
simpang patean,patean
simpang patean,patean
simpang patean,patean
simpang patean,patean
simpang patean,patean
simpang patran,patran
simpang patran,patran
simpang patran,patran
simpang patran,patran
simpang patran,patran
simpang patran,patran
simpang patran,patran
simpang permata,permata
simpang permata,permata
simpang permata,permata
simpang permata,permata
simpang permata,permata
simpang permata,permata
simpang permata,permata
simpang permata,permata
simpang permata,permata
simpang permata,permata
simpang permata,permata
simpang permata,permata
simpang permata,permata
simpang permata,permata
simpang permata,permata
simpang permata,permata
simpang permata,permata
simpang permata,permata
simpang permata,permata
simpang permata,permata
simpang permata,permata
perempatan pingit,pingit
sekitar pku muh,pku muh
sekitar pku muh,pku muh
sekitar pku muh,pku muh
sekitar pku muh,pku muh
sekitar pku muh,pku muh
sekitar pku muh,pku muh
simpang pogung,pogung
simpang pogung,pogung
simpang pogung,pogung
simpang pogung,pogung
simpang pogung,pogung
simpang pojok beteng kulon,pojok beteng kulon
simpang pojok beteng kulon,pojok beteng kulon
pos besar,pos besar
prambanan,prambanan
prambanan,prambanan
prambanan,prambanan
prambanan,prambanan
prambanan,prambanan
prambanan,prambanan
prambanan,prambanan
prambanan,prambanan
prambanan,prambanan
prambanan,prambanan
seputaran simpang prambanan,prambanan
seputaran simpang prambanan,prambanan
seputaran simpang prambanan,prambanan
seputaran simpang prambanan,prambanan
simpang prambanan,prambanan
simpang prambanan,prambanan
simpang prambanan,prambanan
simpang prambanan,prambanan
simpang prambanan,prambanan
simpang prambanan,prambanan
simpang prambanan,prambanan
simpang prambanan,prambanan
simpang prambanan,prambanan
simpang prambanan,prambanan
simpang prambanan,prambanan
simpang prambanan,prambanan
simpang prambanan,prambanan
simpang prambanan,prambanan
simpang prambanan,prambanan
simpang prambanan,prambanan
simpang prambanan,prambanan
simpang prambanan,prambanan
simpang prambanan,prambanan
simpang prambanan,prambanan
simpang proliman,proliman
simpang proliman,proliman
simpang proliman,proliman
simpang proliman,proliman
simpang proliman,proliman
simpang proliman,proliman
simpang proliman,proliman
simpang proliman,proliman
simpang proliman,proliman
simpang rs pku,rs pku
simpang rs pku,rs pku
simpang rs pku,rs pku
simpang rs pku,rs pku
simpang rs pku,rs pku
simpang rs pku,rs pku
simpang rs pku,rs pku
simpang rs pku,rs pku
simpang rs pku,rs pku
simpang rs pku,rs pku
simpang rs pku,rs pku
simpang rs pku,rs pku
simpang rs pku,rs pku
simpang rs pku,rs pku
simpang rs pku,rs pku
simpang rs pku,rs pku
simpang rs pku,rs pku
simpang rs pku,rs pku
rs pku muhammadiyah,rs pku muhammadiyah
rs pku muhammadiyah,rs pku muhammadiyah
rs pku muhammadiyah,rs pku muhammadiyah
rs pku muhammadiyah,rs pku muhammadiyah
seputaran simpang sedayu,sedayu
ruas jalan perempatan selokan mataram,selokan mataram
selokan mataram,selokan mataram
simpang selokan mataram,selokan mataram
simpang selokan mataram,selokan mataram
simpang selokan mataram,selokan mataram
simpang selokan mataram,selokan mataram
simpang selokan mataram,selokan mataram
simpang selokan mataram,selokan mataram
simpang selokan mataram,selokan mataram
simpang selokan mataram,selokan mataram
simpang selokan mataram,selokan mataram
simpang selokan mataram,selokan mataram
simpang selokan mataram,selokan mataram
simpang selokan mataram,selokan mataram
simpang selokan mataram,selokan mataram
simpang selokan mataram,selokan mataram
simpang selokan mataram,selokan mataram
simpang selokan mataram,selokan mataram
simpang selokan mataram,selokan mataram
simpang selokan mataram,selokan mataram
simpang selokan mataram,selokan mataram
simpang selokan mataram,selokan mataram
simpang selokan mataram,selokan mataram
simpang selokan mataram,selokan mataram
simpang selokan mataram,selokan mataram
simpang selokan mataram,selokan mataram
simpang selokan mataram,selokan mataram
simpang selokan mataram,selokan mataram
simpang serangan,serangan
simpang serangan,serangan
simpang serangan,serangan
simpang serangan,serangan
simpang serangan,serangan
simpang serangan,serangan
simpang serangan,serangan
simpang serangan,serangan
simpang serangan,serangan
simpang serangan,serangan
simpang serangan,serangan
simpang serangan,serangan
simpang serangan,serangan
seputaran simpang seturan,seturan
seputaran simpang seturan,seturan
seputaran simpang seturan,seturan
seputaran simpang seturan,seturan
seputaran simpang seturan,seturan
seputaran simpang seturan,seturan
seputaran simpang seturan,seturan
seputaran simpang seturan,seturan
seputaran simpang seturan,seturan
seputaran simpang seturan,seturan
seputaran simpang seturan,seturan
simpang seturan,seturan
simpang seturan,seturan
simpang seturan,seturan
simpang seturan,seturan
simpang seturan,seturan
simpang seturan,seturan
simpang seturan,seturan
simpang seturan,seturan
simpang seturan,seturan
simpang seturan,seturan
simpang seturan,seturan
simpang seturan,seturan
simpang seturan,seturan
simpang seturan,seturan
simpang seturan,seturan
simpang seturan,seturan
simpang seturan,seturan
simpang seturan,seturan
simpang seturan,seturan
simpang seturan,seturan
simpang seturan,seturan
simpang seturan,seturan
simpang seturan,seturan
simpang seturan,seturan
simpang seturan,seturan
simpang seturan,seturan
simpang seturan,seturan
simpang seturan,seturan
simpang seturan,seturan
simpang seturan,seturan
simpang seturan,seturan
simpang seturan,seturan
simpang seturan,seturan
simpang seturan,seturan
simpang seturan,seturan
simpang seturan,seturan
simpang seturan,seturan
simpang seturan,seturan
simpang seturan,seturan
simpang seturan,seturan
simpang seturan,seturan
simpang seturan,seturan
simpang seturan,seturan
simpang seturan,seturan
simpang seturan,seturan
simpang seturan,seturan
simpang seturan,seturan
simpang seturan,seturan
simpang seturan,seturan
simpang seturan,seturan
simpang seturan,seturan
simpang seturan,seturan
simpang seturan,seturan
simpang seturan,seturan
simpang seturan,seturan
simpang seturan,seturan
simpang seturan,seturan
simpang seturan,seturan
simpang seturan,seturan
simpang seturan,seturan
simpang seturan,seturan
simpang seturan,seturan
simpang seturan,seturan
simpang seturan,seturan
simpang seturan,seturan
simpang seturan,seturan
simpang seturan,seturan
simpang seturan,seturan
simpang seturan,seturan
simpang sgm,sgm
simpang sgm,sgm
simpang sgm,sgm
simpang sgm,sgm
simpang sgm,sgm
simpang sgm,sgm
simpang sgm,sgm
simpang sgm,sgm
simpang sgm,sgm
simpang sgm,sgm
simpang sgm,sgm
simpang sgm,sgm
simpang sgm,sgm
simpang sgm,sgm
simpang sgm,sgm
simpang sgm,sgm
simpang sgm,sgm
simpang sgm,sgm
simpang sgm,sgm
simpang sgm,sgm
simpang sgm,sgm
simpang sgm,sgm
simpang sgm,sgm
jalan solo,solo
pertigaan jalan solo,solo
solo,solo
solo,solo
solo,solo
solo,solo
solo,solo
solo,solo
solo,solo
solo,solo
solo,solo
solo,solo
solo,solo
solo,solo
solo,solo
solo,solo
solo,solo
solo,solo
solo,solo
solo,solo
solo,solo
solo,solo
solo,solo
solo,solo
solo,solo
solo,solo
solo,solo
solo,solo
solo,solo
solo,solo
solo,solo
jalan sosrowijayan,sosrowijayan
jalan sosrowijayan,sosrowijayan
stadion,stadion
stasiun lempuyangan,stasiun lempuyangan
sultan agung,sultan agung
taman,taman
taman,taman
taman,taman
taman,taman
taman,taman
taman,taman
taman,taman
taman,taman
taman,taman
taman,taman
taman,taman
taman,taman
taman,taman
taman,taman
jalan tamansiswa,tamansiswa
jalan tamansiswa,tamansiswa
jalan tamansiswa,tamansiswa
seputaran simpang tempel,tempel
seputaran simpang tempel,tempel
seputaran simpang tempel,tempel
seputaran simpang tempel,tempel
simpang tempel,tempel
simpang tempel,tempel
simpang tempel,tempel
simpang tempel,tempel
simpang tempel,tempel
simpang tempel,tempel
simpang tempel,tempel
simpang tempel,tempel
simpang tempel,tempel
simpang tempel,tempel
simpang tempel,tempel
simpang tempel,tempel
simpang tempel,tempel
simpang tempel,tempel
simpang tempel,tempel
simpang tempel,tempel
simpang tempel,tempel
simpang tempel,tempel
simpang tempel,tempel
simpang tempel,tempel
simpang tempel,tempel
simpang tempel,tempel
simpang tempel,tempel
simpang tempel,tempel
simpang tempel,tempel
simpang tempel,tempel
simpang tempel,tempel
simpang tempel,tempel
simpang tempel,tempel
terminal giwangan,terminal giwangan
terminal giwangan,terminal giwangan
terminal giwangan,terminal giwangan
terminal giwangan,terminal giwangan
terminal giwangan,terminal giwangan
terminal giwangan,terminal giwangan
terminal giwangan,terminal giwangan
terminal giwangan,terminal giwangan
terminal giwangan,terminal giwangan
terminal giwangan,terminal giwangan
terminal giwangan,terminal giwangan
terminal giwangan,terminal giwangan
terminal giwangan,terminal giwangan
terminal giwangan,terminal giwangan
terminal giwangan,terminal giwangan
terminal giwangan,terminal giwangan
terminal giwangan,terminal giwangan
timoho,timoho
kawasan tugu,tugu
kawasan tugu,tugu
kawasan tugu,tugu
kawasan tugu,tugu
kawasan tugu,tugu
kawasan tugu,tugu
kawasan tugu,tugu
kawasan tugu,tugu
kawasan tugu,tugu
kawasan tugu,tugu
kawasan tugu,tugu
kawasan tugu,tugu
kawasan tugu,tugu
kawasan tugu,tugu
kawasan tugu,tugu
kawasan tugu,tugu
sekitar tugu,tugu
sekitar tugu,tugu
sekitar tugu,tugu
sekitar tugu,tugu
simpang tugu,tugu
simpang tugu,tugu
simpang tugu,tugu
simpang tugu,tugu
simpang tugu,tugu
simpang tugu,tugu
simpang tugu,tugu
simpang tugu,tugu
simpang tugu,tugu
simpang tugu,tugu
simpang tugu,tugu
simpang tugu,tugu
simpang tugu,tugu
simpang tugu,tugu
simpang tugu,tugu
simpang tugu,tugu
simpang tugu,tugu
simpang tugu,tugu
simpang tugu,tugu
simpang tugu,tugu
simpang tugu,tugu
simpang tugu,tugu
simpang tugu,tugu
simpang tugu,tugu
simpang tugu,tugu
simpang tugu,tugu
simpang tugu,tugu
simpang tugu,tugu
simpang tugu,tugu
simpang tugu,tugu
simpang tugu,tugu
simpang tugu,tugu
simpang tugu,tugu
tugu,tugu
tugu,tugu
tugu,tugu
tugu,tugu
tugu,tugu
tugu,tugu
tugu,tugu
tugu,tugu
tugu,tugu
tugu,tugu
tugu,tugu
tugu,tugu
tugu,tugu
tugu,tugu
tugu,tugu
tugu,tugu
tugu,tugu
tugu,tugu
tugu,tugu
tugu,tugu
tugu,tugu
tugu,tugu
tugu,tugu
tugu,tugu
tugu,tugu
tugu,tugu
tugu,tugu
tugu,tugu
tugu,tugu
tugu,tugu
tugu,tugu
tugu,tugu
tugu,tugu
tugu,tugu
tugu,tugu
tugu,tugu
tugu,tugu
tugu,tugu
tugu,tugu
tugu,tugu
tugu,tugu
tugu,tugu
tugu,tugu
tugu,tugu
tugu,tugu
tugu,tugu
tugu,tugu
tugu,tugu
tugu,tugu
tugu,tugu
tugu,tugu
tugu,tugu
tugu,tugu
tugu,tugu
wilayah ugm,ugm
wilayah ugm,ugm
wilayah ugm,ugm
simpang uin,uin
simpang uin,uin
simpang uin,uin
simpang uin,uin
simpang uin,uin
simpang uin,uin
simpang uin,uin
simpang uin,uin
simpang uin,uin
simpang uin,uin
simpang uin,uin
simpang uin,uin
simpang uin,uin
simpang uin,uin
simpang uin,uin
simpang uin,uin
simpang uin,uin
simpang uin,uin
simpang uin,uin
simpang uin,uin
simpang uin,uin
simpang uin,uin
simpang uin,uin
simpang uin,uin
simpang uin,uin
simpang uin,uin
simpang uin,uin
simpang uin,uin
simpang uin,uin
simpang uin,uin
simpang uin,uin
simpang uin,uin
simpang uin,uin
simpang uin,uin
simpang uin,uin
simpang uin,uin
simpang uin,uin
simpang uin,uin
simpang uin,uin
simpang uin,uin
simpang uin,uin
simpang uin,uin
simpang uin,uin
simpang uin,uin
simpang uin,uin
simpang uin,uin
simpang uin,uin
simpang uin,uin
simpang uin,uin
simpang uin,uin
simpang uin,uin
simpang uin,uin
simpang uin,uin
simpang uin,uin
simpang uin,uin
simpang uin,uin
simpang uin,uin
simpang uin,uin
simpang uin,uin
simpang uin,uin
simpang uin,uin
simpang uin,uin
simpang uin,uin
simpang uin,uin
simpang uin,uin
simpang uin,uin
simpang uin,uin
simpang uin,uin
simpang uin,uin
simpang uin,uin
simpang uin,uin
simpang uin,uin
simpang uin,uin
simpang uin,uin
simpang uin,uin
simpang uin,uin
simpang uin,uin
simpang uin,uin
simpang uin,uin
simpang uin,uin
simpang uin,uin
simpang uin,uin
simpang uin,uin
simpang uin,uin
simpang uin,uin
simpang uin,uin
uin,uin
umbulharjo,umbulharjo
umum,umum
umum,umum
umum,umum
uny,uny
uny,uny
uny,uny
uny,uny
uny,uny
uny,uny
uny,uny
uny,uny
uny,uny
upn,upn
simpang upn seturan,upn seturan
simpang upn seturan,upn seturan
simpang upn seturan,upn seturan
simpang upn seturan,upn seturan
simpang upn seturan,upn seturan
simpang upn seturan,upn seturan
simpang upn seturan,upn seturan
veteran,veteran
wahidin,wahidin
simpang wirobrajan,wirobrajan
simpang wirobrajan,wirobrajan
jalan wonosari,wonosari
jalan wonosari,wonosari
jalan yos sudarso,yos sudarso
jalan yos sudarso,yos sudarso
